{"ctr": {"odss": [[0.7890432106666672, 0.18570027860377603, -0.2416757367397819, 0.17953753552645518, 0.7994613948433384, 0.2713115986328398, -0.0750230713555962], [0.3061110675000003, 0.35234807665393947, 0.20030281116549994, 0.25383167195224043, 0.3479854628140976, 0.5018567128990914, 0.7545028234309853], [-0.31171573933333385, 0.1370647808314771, 0.15746971506156984, -0.3256033342056219, 0.015619084438521356, -0.17739604852953528, -0.007362923068057234], [-0.19130897600000019, 0.01223481439786872, 0.05428814714144576, -0.03466739293006239, -0.039171467461912746, 0.1550066474299231, -0.0037961560676904567], [0.0954398672727268, 0.06309604086844763, -0.03357151235959893, 0.13918177618413313, 0.110899484477292, 0.09376650394976932, 0.14900086036742355], [-0.36732303666666644, 0.13424137636941308, -0.06681345673819003, 0.07096735230547299, 0.07132531324064317, 0.2998148551574744, -0.06640204462876641], [0.30841094000000036, -0.03531481391663922, 0.09781327731174455, 0.15955154288285636, -0.017450834636922485, 0.059282322278428765, -0.12090819397442912], [0.07573680166666641, 0.21295283026930856, -0.3084042653898468, 0.1724441818325676, 0.027115484133364065, 0.07594480172411512, 0.145197725319336], [0.2550027966666667, -0.44786149805970993, -0.5383636507324664, -0.3897146104133048, -0.58463179524748, -0.5653509237604217, 0.6057140475827879]], "fgm": [[1.1238881839999995, 0.8988924426169266, 1.1071529644590894, 0.8013684183460992, 1.1551000929959825, 0.6759646349127155, -0.008143367167961435], [0.8640546158333331, 0.9735627975241281, 1.1435886709316883, 1.0151008616683403, 0.6806102584235139, 1.0257505887756757, 0.5761541481566426], [0.5350759279999999, 0.34614084783658683, 0.02464444446335473, 0.5167898678959901, 0.000715523776150695, 0.25967336638595107, 0.016248619620983104], [0.23273097199999992, 0.5068182503094174, 0.5577586125360537, 0.5813855806951435, 0.33440817191570044, 0.18564947966023426, 0.18816376564219495], [0.21789857590909079, 0.14730679079549935, 0.369550805135201, 0.0934785210356809, 0.3436399989110167, 0.49193072264110793, 0.5442842672410689], [0.14484874000000003, 0.2601013859590204, 0.5409322520251016, -0.1897812031741348, 0.4271172661830297, 0.31051982514272863, 0.38526454318468994], [0.7501713844444442, 0.8219387364011735, 0.6049292526483944, 0.2580476359801596, 0.36517389950970097, 0.15982054598939743, 0.42578438803077046], [0.28259968833333327, 0.35764348407828356, 0.8646083062770463, 0.6086076222559655, 0.48715491591851257, 0.5811275319413932, 0.8739071946938686], [-0.99511022, 0.6503783106442892, 1.0234636835515858, 0.19415711354072912, 0.6540127615870601, 0.6518834886990402, -0.3631764877813116]], "dsi": [[1.9129313946666666, 1.0845927212207025, 0.8654772277193075, 0.9809059538725545, 1.9545614878393212, 0.9472762335455553, -0.08316643852355776], [1.1701656833333334, 1.3259108741780676, 1.3438914820971881, 1.2689325336205806, 1.0285957212376113, 1.5276073016747675, 1.3306569715876275], [0.22336018866666607, 0.48320562866806394, 0.1821141595249246, 0.1911865336903683, 0.01633460821467206, 0.08227731785641584, 0.008885696552925898], [0.04142199599999974, 0.5190530647072862, 0.6120467596774996, 0.546718187765081, 0.2952367044537876, 0.34065612709015736, 0.1843676095745045], [0.3133384431818176, 0.210402831663947, 0.335979292775602, 0.23266029721981404, 0.4545394833883087, 0.5856972265908773, 0.6932851276084925], [-0.2224742966666664, 0.39434276232843346, 0.4741187952869116, -0.11881385086866182, 0.49844257942367304, 0.6103346803002031, 0.3188624985559236], [1.0585823244444446, 0.7866239224845343, 0.702742529960139, 0.417599178863016, 0.34772306487277854, 0.2191028682678262, 0.3048761940563415], [0.3583364899999997, 0.5705963143475921, 0.5562040408871995, 0.781051804088533, 0.5142704000518767, 0.6570723336655081, 1.0191049200132045], [-0.7401074233333333, 0.20251681258457926, 0.4851000328191195, -0.19555749687257568, 0.06938096633958005, 0.08653256493861837, 0.24253755980147634]], "iso-sur": [[-0.7174801919999998, -0.5530967448727331, -0.8647295067544021, -0.5660635244965551, -0.7523989924503869, -0.5812909787490119, 0.13282870661984136], [-0.32573716500000005, -0.7880673953112738, -0.7228302342794332, -0.4197185288895976, -0.6731786192300563, -0.49641631392594154, 0.3082322425949443], [0.022130017333333418, 0.04168754837241794, 0.16265871664664294, 0.12681885214606692, -0.03919693281608602, 0.029599942696017956, 0.0031079215916722178], [-0.16365109599999994, -0.07197906157492878, -0.36061674229379714, -0.3047037343963488, -0.23003411683230196, -0.2918808081160536, -0.24520416559463298], [-0.0840773081818178, 0.3176975829512112, 0.21749017032106158, 0.5678661118525355, 0.4040441604901472, 0.46773252323582093, 0.6992556491088064], [-0.0015356500000001105, 0.35684108519020036, 0.20883530016499655, 0.6309325381786686, 0.25903021074227245, 0.13865401214914963, 0.16258241999659553], [0.021275052222221813, 0.039624685917508784, 0.11140855321895915, 0.14918534928617594, 0.05519740159033147, 0.05671017781783849, -0.031446266770322646], [0.3595381466666667, 0.0918327310073474, 0.23794618932773626, 0.07460748382577632, -0.22621755911735006, -0.03578198764294901, -0.35963595802833626], [1.0473890333333333, -0.1991830753430905, -0.7687178583699672, 0.0031640589306181077, -0.5821653393793754, -0.27657798072076234, -0.3371940920414574]], "ctr-sur": [[0.19098315666666665, 0.8883824822266414, 1.1737156098803059, 0.4721874828665549, -0.15692033314100934, -0.03540823780445845, 1.0706049642639852], [-0.28448994916666703, 0.8412170890317108, 0.6572696133303956, 0.7467653327153815, 1.0767401835077157, 0.9070926859664971, 0.8949565592071194], [0.15968155266666656, 1.110996885493253, 1.072714146086914, 0.9733809247203435, 0.576513075574484, -0.06779941845749704, -1.0670698991348362], [1.0677158260000001, 0.38850179684139385, 0.4483236516553853, 0.6101854788546521, 0.4568462880040184, 0.14067643968269938, -0.3924031437464327], [0.2882614622727272, 0.7219628488924884, 1.1604658916180226, 1.5598301160286026, 1.531294916828863, 2.1685213425424563, 3.2686539760583164], [0.54992634, 0.850027221673942, 0.5880919595649774, 0.34439622092458866, 0.4686381875393935, 0.1868448275113863, -0.37462344301209205], [0.5805134611111114, 1.666017273795989, 1.3318036539662312, 0.565078891604662, 0.20505646140235023, 0.0492545907015956, 0.3246067533040544], [1.8949359249999997, 1.072768010414715, 0.96010175621845, 1.2976845557187289, 0.4846379113303132, 1.2806799928146526, 1.8347596897512557], [-0.5666586633333333, 1.1582305542215505, 2.0527020794478563, 1.1545777926938035, 1.3449060000267532, 0.13958596355479236, -0.08065549391208682]]},