norm_depths,avg,sd,alpha,df,test statistic,p-vals,Npermutations
0.0,0.27233588430766015,0.3679226287975359,0.05,12,0.27233588430766015,0.057291666666666664,4096.0
0.16666666666666666,0.36312289005633386,0.24271549576460189,0.05,12,0.36312289005633386,0.0020461309523809525,4096.0
0.3333333333333333,0.5586195389415591,0.37380844858249457,0.05,12,0.5586195389415591,0.0020461309523809525,4096.0
0.5,0.4556235517099185,0.2894705273651742,0.05,12,0.4556235517099185,0.00318287037037037,4096.0
0.6666666666666666,0.3608497598853992,0.5297749461760857,0.05,12,0.3608497598853992,0.06709155701754387,4096.0
0.8333333333333333,0.514116218422522,0.5585971867831941,0.05,12,0.514116218422522,0.01623263888888889,4096.0
1.0,0.5835843525438049,0.3336665026897569,0.05,12,0.5835843525438049,0.00318287037037037,4096.0
