{"in_tgt": {"task": {"sur": {"avg": [1.8358639386309825, 1.7801031248424197, 1.9431157020162464, 1.849764060867695, 2.043618820057583, 2.479684618512949, 1.8187239202436576], "stdev": [0.9470956423163712, 0.4727359391000546, 0.7874602280202007, 1.2387837422305505, 1.2857358770048093, 2.6166829133128253, 1.8111692048568622], "norm_depths": [0.0, 0.16666666666666666, 0.3333333333333333, 0.5, 0.6666666666666666, 0.8333333333333333, 1.0], "Nsamp": 12, "p-vals": [0.00048828125, 0.00048828125, 0.00048828125, 0.00048828125, 0.00048828125, 0.00048828125, 0.00048828125]}, "iso90": {"avg": [2.1166868772235454, 2.242690510508012, 2.5277322401558404, 2.425011841120189, 2.5306069017798034, 3.0931537864729832, 2.327651275905199], "stdev": [1.0052505643774814, 0.41616832768814327, 0.8656786241048106, 1.531264364570351, 1.5735292238244905, 3.263484424386513, 1.9829236795365137], "norm_depths": [0.0, 0.16666666666666666, 0.3333333333333333, 0.5, 0.6666666666666666, 0.8333333333333333, 1.0], "Nsamp": 12, "p-vals": [0.00048828125, 0.00048828125, 0.00048828125, 0.00048828125, 0.00048828125, 0.00048828125, 0.00048828125]}, "orth": {"avg": [2.138583504617394, 2.35848126956131, 2.552388264472373, 2.636911770584527, 2.7952393403304114, 3.8064926971128545, 2.4492766258474163], "stdev": [0.9711579840214637, 0.4985761435917172, 0.7925073248201104, 1.6738114163089615, 1.65843830531392, 3.679707393551297, 2.2683079899104355], "norm_depths": [0.0, 0.16666666666666666, 0.3333333333333333, 0.5, 0.6666666666666666, 0.8333333333333333, 1.0], "Nsamp": 12, "p-vals": [0.00048828125, 0.00048828125, 0.00048828125, 0.00048828125, 0.00048828125, 0.00048828125, 0.00048828125]}, "iso0": {"avg": [1.844350992915885, 1.8795676204516782, 1.969112701214281, 1.9693882894102703, 2.169757141894404, 2.579037568050462, 1.744066923361394], "stdev": [0.8287409186688331, 0.4524133246718357, 0.7870020936490985, 1.376773576792489, 1.340833884044389, 2.88312215557205, 1.7771384446939271], "norm_depths": [0.0, 0.16666666666666666, 0.3333333333333333, 0.5, 0.6666666666666666, 0.8333333333333333, 1.0], "Nsamp": 12, "p-vals": [0.0009765625, 0.00048828125, 0.00048828125, 0.00048828125, 0.00048828125, 0.00048828125, 0.00048828125]}}, "loc": {"ctr_unwarp": {"avg": [-0.0832220935022246, 1.6550158032338824, 1.3999190843936908, 1.3981937831800104, 0.728762989732726, 1.633442225047064, 0.5258845829222957], "stdev": [2.632140786822484, 1.400944033850257, 1.3386130110685495, 1.2822318630815994, 1.58794918855631, 2.722017917283639, 2.3658591872425068], "norm_depths": [0.0, 0.16666666666666666, 0.3333333333333333, 0.5, 0.6666666666666666, 0.8333333333333333, 1.0], "Nsamp": 12, "p-vals": [0.94140625, 0.00537109375, 0.00146484375, 0.0009765625, 0.0048828125, 0.0029296875, 0.01513671875]}, "sur_unwarp": {"avg": [-0.7464985122940266, 0.6307634513139303, 0.3590132276038003, 0.27303147021542595, -0.6342847710081292, 0.16706795894789292, -0.358133860542714], "stdev": [2.764833551181726, 1.4499601889202811, 1.4337523932705742, 1.0002096013585295, 1.4987044514104648, 2.193303327171271, 1.8686864693023653], "norm_depths": [0.0, 0.16666666666666666, 0.3333333333333333, 0.5, 0.6666666666666666, 0.8333333333333333, 1.0], "Nsamp": 12, "p-vals": [0.43310546875, 0.30517578125, 0.478515625, 0.30615234375, 0.27001953125, 0.83984375, 0.552734375]}, "ctr-sur_unwarp": {"avg": [0.6632764178669884, 1.0242523641107042, 1.040905839515471, 1.1251623536382183, 1.3630477823847402, 1.4663742611516761, 0.8840184473961094], "stdev": [0.8951569647931015, 0.64689576841788, 0.5333424601844127, 1.0680910655288625, 0.801404371105589, 1.1652854513124782, 1.0550574625707578], "norm_depths": [0.0, 0.16666666666666666, 0.3333333333333333, 0.5, 0.6666666666666666, 0.8333333333333333, 1.0], "Nsamp": 12, "p-vals": [0.03515625, 0.0009765625, 0.00048828125, 0.00048828125, 0.00048828125, 0.00048828125, 0.00048828125]}, "iso0_loc": {"avg": [0.008487054284902582, 0.09946449560925837, 0.02599699919803479, 0.1196242285425756, 0.12613832183682033, 0.09935294953751249, -0.07465699688226377], "stdev": [0.3352953434897585, 0.3030246976197438, 0.5862828321135296, 0.6020925248930095, 0.7341619819880175, 0.8422155892071606, 0.9315085495682061], "norm_depths": [0.0, 0.16666666666666666, 0.3333333333333333, 0.5, 0.6666666666666666, 0.8333333333333333, 1.0], "Nsamp": 12, "p-vals": [0.9345703125, 0.2958984375, 0.783203125, 0.4375, 0.4228515625, 0.478515625, 0.91796875], "corrected p-vals": [0.9345703125, 0.40060096153846153, 0.8508873456790124, 0.5579710144927537, 0.5472196691176471, 0.5930897887323944, 0.9345703125]}}}}