{"in_tgt": {"task": {"odss": {"avg": [0.02189662739384916, 0.11579075905329782, 0.02465602431653252, 0.21189992946433822, 0.2646324385506084, 0.7133389106398708, 0.12162534994221745], "stdev": [0.2955691192086085, 0.2557065125896931, 0.33860282848468326, 0.24753108555878758, 0.46446980662911885, 0.7932737547755305, 0.5463190225206767], "norm_depths": [0.0, 0.16666666666666666, 0.3333333333333333, 0.5, 0.6666666666666666, 0.8333333333333333, 1.0], "p-vals": [0.81298828125, 0.1611328125, 0.8056640625, 0.00439453125, 0.056640625, 0.0009765625, 0.5146484375], "Nsamp": 12, "corrected p-vals": [0.8619634789156626, 0.2287046370967742, 0.8619634789156626, 0.0107421875, 0.08448093220338984, 0.00318287037037037, 0.6290147569444444]}, "fgm": {"avg": [0.27233588430766015, 0.36312289005633386, 0.5586195389415591, 0.4556235517099185, 0.3608497598853992, 0.514116218422522, 0.5835843525438049], "stdev": [0.3679226287975359, 0.24271549576460189, 0.37380844858249457, 0.2894705273651742, 0.5297749461760857, 0.5585971867831941, 0.3336665026897569], "norm_depths": [0.0, 0.16666666666666666, 0.3333333333333333, 0.5, 0.6666666666666666, 0.8333333333333333, 1.0], "p-vals": [0.03466796875, 0.00048828125, 0.00048828125, 0.0009765625, 0.04296875, 0.00830078125, 0.0009765625], "Nsamp": 12, "corrected p-vals": [0.057291666666666664, 0.0020461309523809525, 0.0020461309523809525, 0.00318287037037037, 0.06709155701754387, 0.01623263888888889, 0.00318287037037037]}, "dsi": {"avg": [0.2942325117015092, 0.47891364910963174, 0.5832755632580916, 0.6675234811742566, 0.6254821984360076, 1.2274551290623925, 0.7052097024860222], "stdev": [0.4784131119559719, 0.2913740820127455, 0.5059901913127706, 0.3683203393567794, 0.5226535569077825, 0.8576854551833478, 0.5615670143048492], "norm_depths": [0.0, 0.16666666666666666, 0.3333333333333333, 0.5, 0.6666666666666666, 0.8333333333333333, 1.0], "p-vals": [0.0634765625, 0.00048828125, 0.00146484375, 0.00048828125, 0.0029296875, 0.00048828125, 0.00244140625], "Nsamp": 12, "corrected p-vals": [0.09309895833333334, 0.0020461309523809525, 0.004445043103448276, 0.0020461309523809525, 0.0078125, 0.0020461309523809525, 0.006930443548387097]}, "iso-sur": {"avg": [0.008487054284902587, 0.09946449560925825, 0.025996999198034814, 0.11962422854257547, 0.12613832183682047, 0.09935294953751223, -0.07465699688226336], "stdev": [0.3352953434897584, 0.24662468526534895, 0.4872150524311572, 0.44955821450900285, 0.4765501110551297, 0.5137170259250153, 0.48207060368711474], "norm_depths": [0.0, 0.16666666666666666, 0.3333333333333333, 0.5, 0.6666666666666666, 0.8333333333333333, 1.0], "p-vals": [0.9345703125, 0.2138671875, 0.8642578125, 0.41650390625, 0.39306640625, 0.53515625, 0.62646484375], "Nsamp": 12, "corrected p-vals": [0.9345703125, 0.298735119047619, 0.9054129464285714, 0.547049906716418, 0.5240885416666666, 0.636402027027027, 0.7159598214285714]}}, "loc": {"ctr-sur": {"avg": [0.6632764187918019, 1.024252351919952, 1.0409058567898903, 1.1251623129645845, 1.3630477607408553, 1.466374266099171, 0.8840184434650095], "stdev": [0.8951569807404518, 0.6802098517754264, 0.46098150178989683, 1.0224627925887566, 0.694755593987681, 1.0422795344935432, 0.8557189560034093], "norm_depths": [0.0, 0.16666666666666666, 0.3333333333333333, 0.5, 0.6666666666666666, 0.8333333333333333, 1.0], "p-vals": [0.03515625, 0.00146484375, 0.00048828125, 0.00244140625, 0.00048828125, 0.00048828125, 0.00048828125], "Nsamp": 12, "corrected p-vals": [0.057291666666666664, 0.004445043103448276, 0.0020461309523809525, 0.006930443548387097, 0.0020461309523809525, 0.0020461309523809525, 0.0020461309523809525]}, "ctr-iso0": {"avg": [-0.09170914778712717, 1.555551307624624, 1.373922085195656, 1.278569554637435, 0.6026246678959059, 1.534089275509551, 0.6005415798045594], "stdev": [2.708813590180618, 1.5853615295890342, 1.3082285634543447, 1.131187262688356, 1.5224358457749634, 2.276332233600815, 2.6654928800884936], "norm_depths": [0.0, 0.16666666666666666, 0.3333333333333333, 0.5, 0.6666666666666666, 0.8333333333333333, 1.0], "p-vals": [0.931640625, 0.0068359375, 0.00341796875, 0.0029296875, 0.21826171875, 0.04345703125, 0.4599609375], "Nsamp": 12, "corrected p-vals": [0.9345703125, 0.014672256097560976, 0.008846507352941176, 0.0078125, 0.30010986328125, 0.06709155701754387, 0.5782366071428572]}}}}