{"task": {"all depths": {"sur": {"avg": [3.504896222514068, 3.5959534668412108, 4.112966980881029, 4.157415753782679, 3.785729300290432], "stdev": [1.108635309805876, 0.9212397312004705, 0.9588910042190115, 1.170530816187176, 0.9910220223720809], "norm_rad": [0.0, 0.21027145964893473, 0.4708519033671422, 0.7327065018132265, 1.0], "Nsamp": 12, "p-vals": [0.00048828125, 0.00048828125, 0.00048828125, 0.00048828125, 0.00048828125]}, "iso90": {"avg": [4.407055205227364, 4.341953793773552, 4.530888863711428, 4.3348090983520535, 3.8788184741509872], "stdev": [1.216123296009008, 1.0461365937349913, 0.8828076471823557, 1.0583815740226734, 0.8842731916248449], "norm_rad": [0.0, 0.21027145964893473, 0.4708519033671422, 0.7327065018132265, 1.0], "Nsamp": 12, "p-vals": [0.00048828125, 0.00048828125, 0.00048828125, 0.00048828125, 0.00048828125]}, "orth": {"avg": [4.767110709152308, 4.601874154435625, 4.784282556282256, 4.5527047890344425, 4.059378328920025], "stdev": [1.381338713932775, 1.177856500146932, 1.0077975203624325, 1.2773809098577027, 1.0879333070042836], "norm_rad": [0.0, 0.21027145964893473, 0.4708519033671422, 0.7327065018132265, 1.0], "Nsamp": 12, "p-vals": [0.00048828125, 0.00048828125, 0.00048828125, 0.00048828125, 0.00048828125]}, "iso0": {"avg": [3.625691338958703, 3.5484708915221543, 3.685760216158114, 3.7167317349500286, 3.4494764968351657], "stdev": [1.0910451939375436, 1.0278630882556465, 0.8954206949707232, 1.0345185398730277, 0.9089933684842], "norm_rad": [0.0, 0.21027145964893473, 0.4708519033671422, 0.7327065018132265, 1.0], "Nsamp": 12, "p-vals": [0.00048828125, 0.00048828125, 0.00048828125, 0.00048828125, 0.00048828125]}}}, "loc": {"all depths": {"ctr_unwarp": {"avg": [1.6549983750798878, 1.7641623055493498, 0.4243867639702484, -0.7316181721383174, -1.8190552313349542], "stdev": [1.1187685921117494, 0.8277723032458667, 0.838244800140353, 1.2435847739917183, 1.172857600709714], "norm_rad": [0.0, 0.21027145964893473, 0.4708519033671422, 0.7327065018132265, 1.0], "Nsamp": 12, "p-vals": [0.00048828125, 0.00048828125, 0.12109375, 0.0791015625, 0.001953125]}, "sur_unwarp": {"avg": [-0.17773838237188025, 0.14161327824967243, 0.390315718450522, 0.9246727921323655, 0.4520489874755951], "stdev": [0.9935462900916734, 0.8331212870347179, 0.8840002352427356, 1.2316795577644277, 1.0480776857709424], "norm_rad": [0.0, 0.21027145964893473, 0.4708519033671422, 0.7327065018132265, 1.0], "Nsamp": 12, "p-vals": [0.5888671875, 0.5888671875, 0.17138671875, 0.0244140625, 0.1806640625]}, "ctr-sur_unwarp": {"avg": [1.8327367690663265, 1.6225490258357869, 0.03407104864029225, -1.6562909620719226, -2.2711042142306446], "stdev": [0.7922137053570993, 0.3736997808005473, 0.28359024252749865, 0.6191437638725127, 0.8762330462352659], "norm_rad": [0.0, 0.21027145964893473, 0.4708519033671422, 0.7327065018132265, 1.0], "Nsamp": 12, "p-vals": [0.00048828125, 0.00048828125, 0.693359375, 0.00048828125, 0.00048828125]}, "iso0_loc": {"avg": [0.1207951164446351, -0.04748257531905608, -0.4272067647229147, -0.44068401883265035, -0.33625280345526565], "stdev": [0.6727572396507159, 0.5202028740327931, 0.4811818219451224, 0.4469617370817561, 0.4354063539522781], "norm_rad": [0.0, 0.21027145964893473, 0.4708519033671422, 0.7327065018132265, 1.0], "Nsamp": 12, "p-vals": [0.5625, 0.76708984375, 0.0078125, 0.0068359375, 0.02685546875], "corrected p-vals": [0.6513157894736842, 0.8437988281250001, 0.015988372093023256, 0.014672256097560976, 0.04544771634615384]}}}}