{"task": {"all depths": {"odss": {"avg": [0.3600555039249453, 0.25992036066207297, 0.25339369257082767, 0.21789569068238832, 0.18055985476903721], "stdev": [0.39069823470052234, 0.26751099342392654, 0.3735173760166992, 0.37666111412866565, 0.3515604811955529], "norm_rad": [0.0, 0.21027145964893473, 0.4708519033671422, 0.7327065018132265, 1.0], "p-vals": [0.01513671875, 0.0107421875, 0.03662109375, 0.056640625, 0.12548828125], "Nsamp": 12, "corrected p-vals": [0.026640624999999998, 0.020550271739130436, 0.05859375, 0.08448093220338984, 0.1810322745901639], "rad (sigma)": [0.5, 1.5, 2.5, 3.5, 4.5]}, "fgm": {"avg": [0.7813638662686598, 0.7934829022513977, 0.8451286475533145, 0.618077363402026, 0.4293419773158215], "stdev": [0.5070000089888115, 0.37657368667486607, 0.3580609881248107, 0.3844424542095398, 0.4167706415675561], "norm_rad": [0.0, 0.21027145964893473, 0.4708519033671422, 0.7327065018132265, 1.0], "p-vals": [0.0009765625, 0.00048828125, 0.00048828125, 0.0009765625, 0.00439453125], "Nsamp": 12, "corrected p-vals": [0.00318287037037037, 0.0020461309523809525, 0.0020461309523809525, 0.00318287037037037, 0.0107421875], "rad (sigma)": [0.5, 1.5, 2.5, 3.5, 4.5]}, "dsi": {"avg": [1.1414193701936053, 1.0534032629134709, 1.0985223401241422, 0.8359730540844144, 0.6099018320848587], "stdev": [0.6988374583754454, 0.4869303063837064, 0.5230688338258591, 0.6036224599887913, 0.5943748960533854], "norm_rad": [0.0, 0.21027145964893473, 0.4708519033671422, 0.7327065018132265, 1.0], "p-vals": [0.00048828125, 0.00048828125, 0.00048828125, 0.00048828125, 0.00048828125], "Nsamp": 12, "corrected p-vals": [0.0020461309523809525, 0.0020461309523809525, 0.0020461309523809525, 0.0020461309523809525, 0.0020461309523809525], "rad (sigma)": [0.5, 1.5, 2.5, 3.5, 4.5]}, "iso-sur": {"avg": [0.12079511644463548, -0.04748257531905623, -0.4272067647229147, -0.44068401883265024, -0.33625280345526587], "stdev": [0.672757239650716, 0.5202028740327933, 0.4811818219451226, 0.44696173708175607, 0.435406353952278], "norm_rad": [0.0, 0.21027145964893473, 0.4708519033671422, 0.7327065018132265, 1.0], "p-vals": [0.5625, 0.76708984375, 0.0078125, 0.0068359375, 0.02685546875], "Nsamp": 12, "corrected p-vals": [0.6513157894736842, 0.8437988281250001, 0.015988372093023256, 0.014672256097560976, 0.04544771634615384], "rad (sigma)": [0.5, 1.5, 2.5, 3.5, 4.5]}}}, "loc": {"all depths": {"ctr-sur": {"avg": [1.8327367574517686, 1.6225490272996774, 0.03407104551972646, -1.656290964270683, -2.2711042188105495], "stdev": [0.7922136927890215, 0.373699779247064, 0.2835902471911124, 0.619143765197771, 0.8762330452738394], "norm_rad": [0.0, 0.21027145964893473, 0.4708519033671422, 0.7327065018132265, 1.0], "p-vals": [0.00048828125, 0.00048828125, 0.693359375, 0.00048828125, 0.00048828125], "Nsamp": 12, "corrected p-vals": [0.0020461309523809525, 0.0020461309523809525, 0.7822516025641025, 0.0020461309523809525, 0.0020461309523809525], "rad (sigma)": [0.5, 1.5, 2.5, 3.5, 4.5]}, "ctr-iso0": {"avg": [1.5342032586352528, 1.8116448808684062, 0.851593528693163, -0.29093415330566713, -1.4828024278796887], "stdev": [0.9352520411075327, 0.8856480756197934, 0.9404760884867858, 1.4857441896449393, 1.3793137941289342], "norm_rad": [0.0, 0.21027145964893473, 0.4708519033671422, 0.7327065018132265, 1.0], "p-vals": [0.0009765625, 0.00048828125, 0.01220703125, 0.5244140625, 0.00830078125], "Nsamp": 12, "corrected p-vals": [0.00318287037037037, 0.0020461309523809525, 0.022799744897959186, 0.6321703767123288, 0.01623263888888889], "rad (sigma)": [0.5, 1.5, 2.5, 3.5, 4.5]}}}}